Workbook

Sheet Summary
A1: CodeDo quiz and topic-coverage status
A2: Generated 2026-10-14. Sources: QUIZ_QUALITY_STANDARD.md, QUIZ_WORLD_<N>_CONCEPT_MAP.md, TOPIC_COVERAGE_AUDIT.md, session work. Figures below are formulas over the other sheets.
A4: Quiz banks
A5: Worlds with a quiz bank | B5: =COUNT('Quiz Worlds'!C4:C20) -> 16 | C5: Worlds 1-16
A6: Worlds with content audit Done | B6: =COUNTIF('Quiz Worlds'!F4:F20,"Done") -> 16 | C6: All 16 authored worlds
A7: Total quiz questions (Worlds 1-16) | B7: ='Quiz Worlds'!E21 -> 2135 | C7: Lesson + set + Boss
A8: Boss questions | B8: ='Quiz Worlds'!D21 -> 192 | C8: 12 per world (World 1 included)
A9: Worlds with phone review Pending | B9: =COUNTIF('Quiz Worlds'!I4:I20,"Pending*") -> 16 | C9: Owned by the user
A10: Fixes logged on 2026-10-14 | B10: =COUNTA('Fixes 2026-10-14'!B2:B18) -> 17 | C10: Worlds 11, 12, 13, 16 (rows; some cover several questions)
A11: Topic coverage
A12: Topics done | B12: =COUNTIF('Topic Coverage'!F4:F23,"Done*") -> 15 | C12: of 20 listed topics/worlds
A13: Topics not started | B13: =COUNTIF('Topic Coverage'!F4:F23,"Not started") -> 5 | C13: Generics, lambdas, sequences, coroutines, World 17
A14: Cases matching kotlinc | B14: ='Topic Coverage'!C24 -> 885
A15: Total cases (done topics) | B15: ='Topic Coverage'!D24 -> 890 | C15: 885 replayed in the gate; 5 known limits excluded
A16: Match rate | B16: ='Topic Coverage'!E24 -> 0.99438202
A17: Open items
A18: Open items (not Done) | B18: =COUNTA('Open Items'!A2:A22) -> 21 | C18: See Open Items sheet
A21: Where we are
A22: Quiz content audits are complete for Worlds 1-16 (keys, scope, duplicates, wording, real kotlinc); phone-width visual review is the main open item and belongs to the user.
A23: 2026-10-14 review of Worlds 11, 12, 13 found and fixed real defects (wrong keys, non-compiling code, reversed explanations); committed as 12aa868.
A24: Topic coverage audit: 15 topics done against real kotlinc; generics, lambdas, sequences and coroutines (Worlds 12, 9, 14, 16) have no cases yet; that is the next step.

Sheet Quiz Worlds
A1: Quiz review status by world (generated 2026-10-14)
A3: World | B3: Theme (per audit docs) | C3: Lesson + set Qs | D3: Boss Qs | E3: Total Qs | F3: Content audit | G3: Real kotlinc check | H3: Human wording pass | I3: Phone review | J3: Key findings / notes
A4: 1 | B4: Basics, strings, chars, numbers | C4: 135 | D4: 12 | E4: =C4+D4 -> 147 | F4: Done | G4: Done (134 programs) | H4: Done | I4: Pending (user) | J4: 4 reversed explanations, 1 wrong key claim, 1 "error" that compiles, 3 duplicate facts, 1 trivial "hard"; 2 questions added. Total 147 includes Boss.
A5: 2 | B5: Numbers / operators | C5: 78 | D5: 12 | E5: =C5+D5 -> 90 | F5: Done | G5: Done (76 + 12 Boss) | H5: Done | I5: Pending (user) | J5: 2 duplicate scenarios, 2 false find-error claims, ambiguous prefix/postfix comparison, multi-select missing count. 6 soft type-mix warnings remain.
A6: 3 | B6: Decisions (if/when) | C6: 82 | D6: 12 | E6: =C6+D6 -> 94 | F6: Done | G6: Done (67 programs) | H6: Done | I6: Pending (user) | J6: 1 wrong explanation, 1 find-error on wrong line, 8 duplicate scenarios, 3 trivial "hard". Predict-output 45% by design (override recorded).
A7: 4 | B7: Ranges and loops | C7: 116 | D7: 12 | E7: =C7+D7 -> 128 | F7: Done | G7: Done (91 cases) | H7: Done | I7: Pending (user) | J7: 12 items rewritten; 1 infinite-loop find-error changed to compile error; T/F rebalanced. w4q-range-8 printed "true.0" once (flake, not reproduced).
A8: 5 | B8: Functions | C8: 92 | D8: 12 | E8: =C8+D8 -> 104 | F8: Done | G8: Done (95 programs) | H8: Done | I8: Pending (user) | J8: 1 wrong key (named-10), 1 question not matching code (param-5), 2 non-errors, 6 trivial "hard", broken chips.
A9: 6 | B9: Collections (arrays, lists, sets, maps) | C9: 116 | D9: 12 | E9: =C9+D9 -> 128 | F9: Done | G9: Done (all 10 comparisons, 13 error cases) | H9: Done | I9: Pending (user) | J9: 12 multi-select prompts now state answer count; w6q-map-8, change-4, change-8 now compile. Two documented 50% lesson-level type-mix cases.
A10: 7 | B10: Null safety | C10: 120 | D10: 12 | E10: =C10+D10 -> 132 | F10: Done | G10: Done (80 snippets) | H10: Done (Codex deep pass) | I10: Pending (user) | J10: 9 of 10 find_error keys pointed one line above the real error; one T/F key wrong ("val can be reassigned" keyed true). 103 distinct explanations of 132.
A11: 8 | B11: Classes / OOP basics | C11: 146 | D11: 12 | E11: =C11+D11 -> 158 | F11: Done | G11: Done (158 keyed) | H11: Done | I11: Pending (user) | J11: 12 questions rewritten (duplicates, out-of-scope enum members, trivial "hard"); 5 multi-selects de-patterned; prompt highlighter fixed for generic types.
A12: 9 | B12: Lambdas / higher-order functions | C12: 126 | D12: 12 | E12: =C12+D12 -> 138 | F12: Done | G12: Done (76 snippets: 46 compile, 30 expected rejections) | H12: Done (Codex deep pass) | I12: Pending (user) | J12: w9q-9-8 false compile-error claim corrected; Boss distractor rationales repaired; 11 generic T/F prompts noted.
A13: 10 | B13: Collection operations (lists, maps) | C13: 102 | D13: 12 | E13: =C13+D13 -> 114 | F13: Done | G13: Done (28 predictions, 10 comparisons, 16 fill-blanks, 11 find-error) | H13: Done (Codex deep pass) | I13: Pending (user) | J13: All 114 items reviewed; w10q-1-8 marks the it + 1 expression; 9 generic T/F prompts noted.
A14: 11 | B14: Classes, interfaces, sealed, data, nested/inner, objects, extensions, delegation, visibility | C14: 151 | D14: 12 | E14: =C14+D14 -> 163 | F14: Done | G14: Done (141 cases, 2 fragment false alarms) | H14: Done (re-reviewed 2026-10-14) | I14: Pending (user) | J14: 2026-10-14: 3 find-error keys one line early, set-3 used abstract class with non-exhaustive when (did not compile), filler fill-in extprop-7 replaced, reversed/incorrect explanations fixed.
A15: 12 | B15: Generics (type params, constraints, variance, reified, aliases) | C15: 157 | D15: 12 | E15: =C15+D15 -> 169 | F15: Done | G15: Done (173 cases) | H15: Done (re-reviewed 2026-10-14) | I15: Pending (user) | J15: 2026-10-14: use-10 wrong key (target(arrayOf(1)) compiles), api-10 declaration did not compile, in-8 reversed explanation, class-8 distractor had second error, 6 near-duplicate scenarios rewritten.
... A19: 16 | B19: Coroutines | C19: 127 | D19: 12 | E19: =C19+D19 -> 139 | F19: Done | G19: Done (83 cases, re-run 2026-10-14) | H19: Done | I19: Pending (user) | J19: Concept map: complete except visual review. 2026-10-14: supervisorscope-10 find-error re-keyed to the line kotlinc reports.
A20: 17 | B20: (not in curriculum docs reviewed) | F20: Not started | G20: n/a | H20: n/a | I20: n/a | J20: No quiz bank file exists yet.
B21: Total (Worlds 1-16) | C21: =SUM(C4:C20) -> 1943 | D21: =SUM(D4:D20) -> 192 | E21: =SUM(E4:E20) -> 2135
A23: Notes
A24: Counts are lesson + set questions (Boss counted separately); World 1 stores its 12 Boss questions inside the regular count of 147, so the sheet splits it 135 + 12.
A25: Counts come from the question banks (web-editor/src/data/quizBank/world<N>Quiz.ts) on 2026-10-14.
A26: "Phone review" is owned by the user for every world (QUIZ_QUALITY_STANDARD.md section 12).
A27: The standard's section 12 "Next: World 15" is stale: World 15 and 16 concept maps both record completion.

Sheet Fixes 2026-10-14
A1: World | B1: Question id | C1: Severity | D1: Defect | E1: What was wrong | F1: Fix
A2: 11 | B2: w11q-companion-6 | C2: High | D2: Wrong find-error key | E2: Keyed one line too early (companion object { instead of the fun using $id). | F2: Re-keyed to the true error line.
A3: 11 | B3: w11q-extension-property-11 | C3: High | D3: Wrong find-error key | E3: Keyed the closing brace, error is on the extension property line. | F3: Re-keyed.
A4: 11 | B4: w11q-delegprop-6 | C4: High | D4: Wrong find-error key | E4: Formatter split "class Box { var count by Fixed() }" so the keyed line showed class Box {. | F4: Put the var on its own source line and re-keyed.
A5: 11 | B5: w11q-set-3 | C5: High | D5: Code did not compile | E5: abstract class Result with a when and no else: not exhaustive; explanation claimed sealed. | F5: Made it sealed class; verified with real kotlinc.
A6: 11 | B6: w11q-extprop-7 | C6: Medium | D6: Filler question | E6: Asked to double a number; explanation referred to other questions. | F6: Replaced with a real extension-property getter fill-in (get()).
A7: 11 | B7: w11q-companion-8 | C7: Medium | D7: Reversed explanation | E7: A/B swapped by answer balancing; text described the wrong program. | F7: Worded by feature, not position.
A8: 11 | B8: w11q-sealed-9 / nested-6 / inner-9 / delegation-5 / set-12 | C8: Low | D8: Explanation names things not in code | E8: Mentioned Metered, owner, LoudSender, "Engine implements". | F8: Corrected names.
A9: 11 | B9: w11q-data-7 | C9: Low | D9: Prompt wording | E9: Said "Complete the declaration" but blank is in println. | F9: Reworded.
A10: 12 | B10: w12q-use-10 | C10: High | D10: Wrong multi-select key | E10: target(arrayOf(1)) compiles (T inferred as common supertype), so 3 calls were valid, not 2. | F10: Replaced distractors with target(arrayOf<Int>(1)) and view(arrayOf<Int?>(1)); kotlinc rejects both.
A11: 12 | B11: w12q-api-10 | C11: High | D11: Declaration did not compile | E11: fun <T> forget(value: T): Any fails on its own (T is nullable); tapped .length line was not the first error. | F11: Changed to <T : Any>.
A12: 12 | B12: w12q-in-8 | C12: Medium | D12: Reversed explanation | E12: A/B swapped; text said A consumes T when A was the returning version. | F12: Worded by feature.
A13: 12 | B13: w12q-class-8 | C13: Medium | D13: Distractor had a second error | E13: LooseBox<T>(item: Any) also fails type inference for T. | F13: B is now non-generic LooseBox(val item: Any).
... A18: 16 | B18: w16q-supervisorscope-10 | C18: Medium | D18: Find-error key differs from compiler line | E18: Keyed val n: Int = supervisorScope {, kotlinc flags the launch line. | F18: Re-keyed to the launch line.
A20: Commit: 12aa868 "Quiz review fixes for Worlds 11, 12, 13 and 16" (branch feature/web-editor-stage-and-quiz-hub). Gates passed: tsc, test:quiz-bank, audit:quiz-bank, audit:quiz-standard, generate:native-data, real kotlinc.

Sheet Find-error line check
A1: Group | B1: Count | C1: Meaning | D1: Result
A2: Offset +4 (exact match) | B2: see note | C2: Compiler line = keyed line + 4 (standard layout). Exact match for every other find-error question; after the fixes World 11 has all 18, World 12 22, World 16 15. | D2: Correct (World 11: 18 after fixes; World 12: 22; World 16: 15; others per world).
A3: Offset +5 in Worlds 1, 4, 9, 16 | B3: 26 | C3: Statement-only fragments are wrapped in main, shifting the reported line by one. | D3: 25 correct; 1 wrong (w16q-supervisorscope-10, fixed).
A4: Offset +3 / +2 | B4: 2 | C4: w1q-setstart-3 (unclosed comment reported at its end), w12q-api-10. | D4: setstart-3 fine; api-10 was a real defect (fixed).
A5: No compile error (runtime cases) | B5: 5 | C5: w4q-step-8, w6q-arr-9, w6q-create-9, w10q-3-8, w10q-9-8. | D5: Expected: documented runtime crashes.
A6: Tool limitation | C6: scripts/quiz-audit/real.ts accepts +3/+4/+5, so an off-by-one key passes. Exact-line script kept in session scratchpad (not in repo). | D6: Open: optionally tighten real.ts (offset depends on fragment layout).

Sheet Topic Coverage
A1: Topic-level capability audit: simulator vs real kotlinc (source: TOPIC_COVERAGE_AUDIT.md)
A3: Topic | B3: Worlds | C3: Cases matching kotlinc | D3: Total cases | E3: Match % | F3: State | G3: Known limits / notes
A4: strings | B4: 1, 6 | C4: 109 | D4: 109 | E4: =IFERROR(C4/D4,"") -> 1 | F4: Done (in gate)
A5: chars | B5: 1 | C5: 32 | D5: 34 | E5: =IFERROR(C5/D5,"") -> 0.94117647 | F5: Done | G5: 2 known limits
A6: numbers | B6: 1, 2 | C6: 98 | D6: 99 | E6: =IFERROR(C6/D6,"") -> 0.98989899 | F6: Done | G6: 1 known limit (Long.MAX_VALUE)
A7: ranges | B7: 4 | C7: 57 | D7: 57 | E7: =IFERROR(C7/D7,"") -> 1 | F7: Done
A8: decisions | B8: 3 | C8: 28 | D8: 28 | E8: =IFERROR(C8/D8,"") -> 1 | F8: Done
A9: arrays | B9: 6 | C9: 45 | D9: 45 | E9: =IFERROR(C9/D9,"") -> 1 | F9: Done
A10: lists | B10: 6, 10 | C10: 139 | D10: 139 | E10: =IFERROR(C10/D10,"") -> 1 | F10: Done
A11: sets | B11: 6 | C11: 35 | D11: 35 | E11: =IFERROR(C11/D11,"") -> 1 | F11: Done
A12: maps | B12: 6, 10 | C12: 71 | D12: 71 | E12: =IFERROR(C12/D12,"") -> 1 | F12: Done
A13: collectionsTyped | B13: 6, 10 | C13: 13 | D13: 13 | E13: =IFERROR(C13/D13,"") -> 1 | F13: Done | G13: Doubles in collections, +/-, in, ==, word count
A14: nulls | B14: 7 | C14: 46 | D14: 46 | E14: =IFERROR(C14/D14,"") -> 1 | F14: Done
A15: exceptions | B15: 15 | C15: 41 | D15: 42 | E15: =IFERROR(C15/D15,"") -> 0.97619048 | F15: Done | G15: 1 known limit (JDK message of a 1-element list)
A16: builders | B16: 13 | C16: 24 | D16: 25 | E16: =IFERROR(C16/D16,"") -> 0.96 | F16: Done | G16: 1 known limit (sb[i]); StringBuilder, buildString/buildList, scope functions
A17: functions | B17: 5 | C17: 57 | D17: 57 | E17: =IFERROR(C17/D17,"") -> 1 | F17: Done | G17: default/named args, vararg+spread, recursion, local functions, Pair returns, overloads
A18: classes / OOP | B18: 8, 11 | C18: 90 | D18: 90 | E18: =IFERROR(C18/D18,"") -> 1 | F18: Done (in gate) | G18: classes, ctors, init, accessors, companion, data/enum/interface/abstract/sealed, object, operator overloading, lazy/observable/vetoable, lateinit
A19: generics | B19: 12 | F19: Not started | G19: Write cases first, then audit
A20: lambdas / higher-order | B20: 9 | F20: Not started | G20: Write cases first, then audit
A21: sequences | B21: 14 | F21: Not started | G21: Write cases first, then audit
A22: coroutines | B22: 16 | F22: Not started | G22: Write cases first, then audit
A23: (World 17) | B23: 17 | F23: Not started | G23: Tier 1 not done
A24: Total (done topics) | C24: =SUM(C4:C23) -> 885 | D24: =SUM(D4:D23) -> 890 | E24: =C24/D24 -> 0.99438202
A26: Doc states 885 cases replayed by test:topic-coverage: the 5 known-limit cases are excluded from the 890 total (2 chars + 1 numbers + 1 exceptions + 1 builders). kotlinc error agreement: 93.7%, no false rejections.
A27: Tier 1 done for Worlds 1-8, 10, 11, 13, 15. Not done: Worlds 9, 12, 14, 16, 17. Tier 2: no dedicated sweep. Tier 3 "not supported" message: done for Flow, Java I/O, kotlinx.serialization; not confirmed for threads/timing, reflection, Java time/net, exact Long beyond 2^53.

Sheet Open Items
A1: # | B1: Area | C1: Item | D1: Owner | E1: Status | F1: Details
A2: 1 | B2: Quiz | C2: Phone-width visual review, Worlds 1-16 | D2: User | E2: Open | F2: Multi-line options, code chips, comparison snippets, single_choice with code, formatter fix. Required by standard section 8.
A3: 2 | B3: Quiz | C3: Concept maps not updated for 2026-10-14 fixes | D3: Claude | E3: Open | F3: QUIZ_WORLD_11, 12, 13 (and 16) concept maps need a short "Audit findings" note; standard section 12 asks for it.
A4: 3 | B4: Quiz | C4: Standard section 12 progress log is stale | D4: Claude | E4: Open | F4: Says "Next: World 15" but Worlds 15 and 16 concept maps record completion. Add 2026-10-14 entries.
A5: 4 | B5: Quiz | C5: Type-mix soft warnings (42) | D5: Claude | E5: Open | F5: No type above 40% / at least 3 types per lesson; World 15 shows 6. Mostly predict_output heavy lessons in Worlds 2-4. Overrides need a one-line reason in the concept map.
A6: 5 | B6: Quiz | C6: Highlighting rule review, other worlds | D6: Claude | E6: Open | F6: Worlds 2 and 6 have almost no code chips in explanations. Add broken-chip check to audit:quiz-standard.
A7: 6 | B7: Quiz | C7: Predict stock distractors, Worlds 5/12/14 | D7: Claude | E7: Open | F7: Memory note: ~90 Predict questions with repeated filler options. Check whether still current (World 12 predict questions were re-read today and looked fine).
A8: 7 | B8: Quiz | C8: Worlds 6, 7, 8 registered in NEW_QUIZ_BANKS? | D8: Claude | E8: Open | F8: Confirm the app uses them (index.ts); may be stale.
A9: 8 | B9: Quiz | C9: w4q-range-8 printed "true.0" once | D9: Claude | E9: Open | F9: Possible state leak in the runner; not reproduced.
A10: 9 | B10: Quiz | C10: Tighten real.ts find-error check to exact offsets | D10: Claude | E10: Open (optional) | F10: Current tolerance +3..+5 hides off-by-one keys; offset depends on fragment layout.
A11: 10 | B11: Quiz | C11: Repeated generic prompts | D11: Claude | E11: Open (polish) | F11: e.g. "What does this program print?" x36 in World 13; allowed by standard.
A12: 11 | B12: Quiz | C12: scan.ts filler flags w12q-class-2, cst-7 | D12: Claude | E12: Open (likely false positive) | F12: Options read fine; standard audit passes.
A13: 12 | B13: Quiz | C13: Concept maps list old per-lesson allocations | D13: Claude | E13: Open | F13: Update each when its lesson questions are re-audited.
A14: 13 | B14: Topic coverage | C14: Write and audit cases: generics (12), lambdas (9), sequences (14), coroutines (16) | D14: Claude | E14: Not started | F14: Next step 1 in TOPIC_COVERAGE_AUDIT.md; cases go in web-editor/scripts/topic-coverage/cases.ts.
A15: 14 | B15: Topic coverage | C15: World 17 Tier 1 | D15: Claude | E15: Not started
A16: 15 | B16: Topic coverage | C16: Tier 2 sweep (removeIf, Triple, buildList, Map.merge, ...) | D16: Claude | E16: Not started | F16: Only extras found while auditing were added.
A17: 16 | B17: Topic coverage | C17: Tier 3 messages: threads/timing, reflection, Java time/net, Long beyond 2^53 | D17: Claude | E17: Open | F17: Confirm each shows a clear "not supported" message after compile checks.
A18: 17 | B18: Topic coverage | C18: Re-run the banking and food-delivery programs end to end | D18: Claude | E18: Open | F18: Food program previously stopped at toTypedArray, which now exists.
A19: 18 | B19: Topic coverage | C19: Engine gap: Double inside a generic class type parameter | D19: Claude | E19: Open | F19: Prints 46000 instead of 46000.0 (JS has no Int/Double at runtime).
A20: 19 | B20: Topic coverage | C20: Engine gap: block-body function with no return | D20: Claude | E20: Open | F20: Yields undefined (prints null) instead of Unit.
A21: 20 | B21: Topic coverage | C21: Engine gap: Int ++/--/+= do not wrap at 32 bits | D21: Claude | E21: Open
A22: 21 | B22: Topic coverage | C22: "Uncommitted state" section is stale | D22: Claude | E22: Open | F22: Doc says nothing is committed; git was clean at the start of this session. MainApplication.kt note should be re-checked.
